t_py_s,t_arduino_s,Voltage_V,RPM
0.0,1.0,0.0,0.0
0.1,1.0,0.0,0.0
0.2,1.1,0.0,0.0
0.30000000000000004,1.2,0.0,0.0
0.4,1.3,0.0,0.0
0.5,1.4,0.0,0.0
0.6000000000000001,1.5,0.0,0.0
0.7000000000000001,1.6,0.0,0.0
0.8,1.7,0.0,0.0
0.9,1.8,0.0,0.0
1.0,1.9,0.0,0.0
1.1,2.0,0.0,0.0
1.2000000000000002,2.1,0.0,0.0
1.3,2.2,0.0,0.0
1.4000000000000001,2.3,0.0,0.0
1.5,2.4,0.0,0.0
1.6,2.5,0.0,0.0
1.7000000000000002,2.6,0.0,0.0
1.8,2.7,0.0,0.0
1.9000000000000001,2.8,0.0,0.0
2.0,2.9,0.0,0.0
2.1,3.001,0.0,0.0
2.2,3.101,0.0,0.0
2.3000000000000003,3.201,0.0,0.0
2.4000000000000004,3.301,0.0,0.0
2.5,3.401,0.0,0.0
2.6,3.501,0.0,0.0
2.7,3.601,0.0,0.0
2.8000000000000003,3.701,0.0,0.0
2.9000000000000004,3.801,0.0,0.0
3.0,3.901,0.0,0.0
3.1,4.001,0.0,0.0
3.2,4.101,0.0,0.0
3.3000000000000003,4.201,0.0,0.0
3.4000000000000004,4.301,0.0,0.0
3.5,4.401,0.0,0.0
3.6,4.501,0.0,0.0
3.7,4.601,0.0,0.0
3.8000000000000003,4.701,0.0,0.0
3.9000000000000004,4.801,0.0,0.0
4.0,4.901,0.0,0.0
4.1000000000000005,5.001,0.0,0.0
4.2,5.101,0.0,0.0
4.3,5.201,0.0,0.0
4.4,5.301,0.0,0.0
4.5,5.401,0.0,0.0
4.6000000000000005,5.501,0.0,0.0
4.7,5.601,0.0,0.0
4.800000000000001,5.701,0.0,0.0
4.9,5.801,0.0,0.0
5.0,5.901,0.0,0.0
5.1000000000000005,6.001,0.0,0.0
5.2,6.101,0.0,0.0
5.300000000000001,6.201,0.0,0.0
5.4,6.301,0.0,0.0
5.5,6.401,0.0,0.0
5.6000000000000005,6.501,0.0,0.0
5.7,6.601,0.0,0.0
5.800000000000001,6.701,0.0,0.0
5.9,6.801,0.0,0.0
6.0,6.901,0.0,0.0
6.1000000000000005,7.001,0.0,0.0
6.2,7.101,0.0,0.0
6.300000000000001,7.201,0.0,0.0
6.4,7.301,0.0,0.0
6.5,7.401,0.0,0.0
6.6000000000000005,7.501,0.0,0.0
6.7,7.601,0.0,0.0
6.800000000000001,7.701,0.0,0.0
6.9,7.801,0.0,0.0
7.0,7.901,0.0,0.0
7.1000000000000005,8.001,1.41,0.0
7.2,8.101,1.41,-1.2
7.300000000000001,8.201,1.41,0.0
7.4,8.301,1.41,0.0
7.5,8.401,1.41,0.0
7.6000000000000005,8.501,1.41,0.0
7.7,8.601,1.41,0.0
7.800000000000001,8.701,1.41,0.0
7.9,8.801,1.41,0.0
8.0,8.901,1.41,0.0
8.1,9.001,1.41,0.0
8.200000000000001,9.101,1.41,0.0
8.3,9.101,1.41,0.0
8.4,9.201,1.41,0.0
8.5,9.301,1.41,0.0
8.6,9.401,1.41,0.0
8.700000000000001,9.501,1.41,0.0
8.8,9.601,1.41,0.0
8.9,9.701,1.41,0.0
9.0,9.801,1.41,0.0
9.1,9.901,1.41,0.0
9.200000000000001,10.001,1.41,0.0
9.3,10.101,1.41,0.0
9.4,10.201,1.41,0.0
9.5,10.301,1.41,0.0
9.600000000000001,10.401,1.41,0.0
9.700000000000001,10.501,1.41,0.0
9.8,10.601,1.41,0.0
9.9,10.701,1.41,0.0
10.0,10.801,1.41,0.0
10.100000000000001,10.901,1.41,0.0
10.200000000000001,11.001,1.41,0.0
10.3,11.101,1.41,0.0
10.4,11.201,1.41,0.0
10.5,11.301,1.41,0.0
10.600000000000001,11.401,1.41,0.0
10.700000000000001,11.501,1.41,0.0
10.8,11.601,1.41,0.0
10.9,11.701,1.41,0.0
11.0,11.801,1.41,0.0
11.100000000000001,11.901,1.41,0.0
11.200000000000001,12.001,-1.41,0.0
11.3,12.101,-1.41,0.6
11.4,12.201,-1.41,0.0
11.5,12.301,-1.41,0.0
11.600000000000001,12.401,-1.41,0.0
11.700000000000001,12.501,-1.41,0.0
11.8,12.601,-1.41,0.0
11.9,12.701,-1.41,0.6
12.0,12.801,-1.41,0.0
12.100000000000001,12.901,-1.41,0.0
12.200000000000001,13.001,-1.41,0.0
12.3,13.101,-1.41,0.0
12.4,13.201,-1.41,0.0
12.5,13.301,-1.41,0.0
12.600000000000001,13.401,-1.41,0.0
12.700000000000001,13.501,-1.41,0.0
12.8,13.601,-1.41,0.0
12.9,13.701,-1.41,0.0
13.0,13.801,-1.41,0.0
13.100000000000001,13.901,-1.41,0.0
13.200000000000001,14.001,-1.41,0.0
13.3,14.101,-1.41,0.0
13.4,14.201,-1.41,0.0
13.5,14.301,-1.41,0.0
13.600000000000001,14.401,-1.41,0.0
13.700000000000001,14.501,-1.41,0.0
13.8,14.601,-1.41,0.0
13.9,14.701,-1.41,0.0
14.0,14.801,-1.41,0.0
14.100000000000001,14.901,-1.41,0.0
14.200000000000001,15.001,-1.41,0.0
14.3,15.101,-1.41,0.0
14.4,15.201,-1.41,0.0
14.5,15.301,-1.41,0.0
14.600000000000001,15.401,-1.41,0.0
14.700000000000001,15.501,-1.41,0.0
14.8,15.601,-1.41,0.0
14.9,15.701,-1.41,0.0
15.0,15.801,-1.41,0.0
15.100000000000001,15.901,-1.41,0.0
15.200000000000001,16.001,2.82,0.0
15.3,16.101,2.82,-12.6
15.4,16.201,2.82,-30.0
15.5,16.301,2.82,-40.2
15.600000000000001,16.401,2.82,-45.6
15.700000000000001,16.501,2.82,-50.4
15.8,16.601,2.82,-54.0
15.9,16.701,2.82,-55.2
16.0,16.801,2.82,-57.6
16.1,16.901,2.82,-58.8
16.2,17.001,2.82,-58.8
16.3,17.101,2.82,-58.8
16.400000000000002,17.101,2.82,-58.8
16.5,17.201,2.82,-60.6
16.6,17.301,2.82,-59.4
16.7,17.401,2.82,-61.2
16.8,17.501,2.82,-61.2
16.900000000000002,17.601,2.82,-60.0
17.0,17.701,2.82,-61.8
17.1,17.801,2.82,-61.8
17.2,17.901,2.82,-61.2
17.3,18.001,2.82,-61.2
17.400000000000002,18.101,2.82,-62.4
17.5,18.201,2.82,-61.2
17.6,18.301,2.82,-62.4
17.7,18.401,2.82,-62.4
17.8,18.501,2.82,-62.4
17.900000000000002,18.601,2.82,-62.4
18.0,18.701,2.82,-63.0
18.1,18.801,2.82,-61.8
18.2,18.901,2.82,-62.4
18.3,19.001,2.82,-62.4
18.400000000000002,19.101,2.82,-62.4
18.5,19.201,2.82,-62.4
18.6,19.301,2.82,-62.4
18.7,19.401,2.82,-62.4
18.8,19.501,2.82,-62.4
18.900000000000002,19.601,2.82,-62.4
19.0,19.701,2.82,-62.4
19.1,19.801,2.82,-63.6
19.200000000000003,19.901,2.82,-61.2
19.3,20.001,-2.82,-63.0
19.400000000000002,20.101,-2.82,-21.6
19.5,20.201,-2.82,15.6
19.6,20.301,-2.82,31.8
19.700000000000003,20.401,-2.82,40.8
19.8,20.501,-2.82,46.2
19.900000000000002,20.601,-2.82,50.4
20.0,20.701,-2.82,52.8
20.1,20.801,-2.82,55.2
20.200000000000003,20.901,-2.82,56.4
20.3,21.001,-2.82,56.4
20.400000000000002,21.101,-2.82,57.6
20.5,21.201,-2.82,57.6
20.6,21.301,-2.82,58.8
20.700000000000003,21.401,-2.82,57.6
20.8,21.501,-2.82,60.0
20.900000000000002,21.601,-2.82,58.8
21.0,21.701,-2.82,58.8
21.1,21.801,-2.82,60.0
21.200000000000003,21.901,-2.82,60.0
21.3,22.001,-2.82,58.8
21.400000000000002,22.101,-2.82,59.4
21.5,22.201,-2.82,59.4
21.6,22.301,-2.82,60.0
21.700000000000003,22.401,-2.82,59.4
21.8,22.501,-2.82,59.4
21.900000000000002,22.601,-2.82,60.0
22.0,22.701,-2.82,60.0
22.1,22.801,-2.82,60.0
22.200000000000003,22.901,-2.82,60.0
22.3,23.001,-2.82,60.0
22.400000000000002,23.101,-2.82,59.4
22.5,23.201,-2.82,60.6
22.6,23.301,-2.82,60.0
22.700000000000003,23.401,-2.82,59.4
22.8,23.501,-2.82,60.6
22.900000000000002,23.601,-2.82,60.0
23.0,23.701,-2.82,60.0
23.1,23.801,-2.82,60.0
23.200000000000003,23.901,-2.82,60.6
23.3,24.001,4.24,59.4
23.400000000000002,24.101,4.24,4.2
23.5,24.201,4.24,-48.0
23.6,24.301,4.24,-72.0
23.700000000000003,24.401,4.24,-85.2
23.8,24.501,4.24,-92.4
23.900000000000002,24.601,4.24,-96.0
24.0,24.701,4.24,-100.2
24.1,24.801,4.24,-102.0
24.200000000000003,24.901,4.24,-101.4
24.3,25.001,4.24,-104.4
24.400000000000002,25.101,4.24,-104.4
24.5,25.201,4.24,-104.4
24.6,25.201,4.24,-104.4
24.700000000000003,25.301,4.24,-104.4
24.8,25.401,4.24,-104.4
24.900000000000002,25.501,4.24,-105.6
25.0,25.601,4.24,-105.6
25.1,25.701,4.24,-105.0
25.200000000000003,25.801,4.24,-106.2
25.3,25.901,4.24,-105.6
25.400000000000002,26.001,4.24,-105.6
25.5,26.101,4.24,-105.6
25.6,26.201,4.24,-106.2
25.700000000000003,26.301,4.24,-105.0
25.8,26.401,4.24,-106.8
25.900000000000002,26.501,4.24,-106.2
26.0,26.601,4.24,-105.0
26.1,26.701,4.24,-106.8
26.200000000000003,26.801,4.24,-106.8
26.3,26.901,4.24,-106.2
26.400000000000002,27.001,4.24,-106.2
26.5,27.101,4.24,-109.2
26.6,27.201,4.24,-106.8
26.700000000000003,27.301,4.24,-108.6
26.8,27.401,4.24,-108.0
26.900000000000002,27.501,4.24,-107.4
27.0,27.601,4.24,-108.0
27.1,27.701,4.24,-108.0
27.200000000000003,27.801,4.24,-107.4
27.3,27.901,4.24,-108.6
27.400000000000002,28.001,-4.24,-108.0
27.5,28.101,-4.24,-34.2
27.6,28.201,-4.24,36.6
27.700000000000003,28.301,-4.24,65.4
27.8,28.401,-4.24,79.8
27.900000000000002,28.501,-4.24,89.4
28.0,28.601,-4.24,94.8
28.1,28.701,-4.24,98.4
28.200000000000003,28.801,-4.24,100.2
28.3,28.901,-4.24,100.2
28.400000000000002,29.001,-4.24,103.2
28.5,29.101,-4.24,103.2
28.6,29.201,-4.24,102.0
28.700000000000003,29.301,-4.24,103.8
28.8,29.401,-4.24,103.8
28.900000000000002,29.501,-4.24,103.2
29.0,29.601,-4.24,104.4
29.1,29.701,-4.24,104.4
29.200000000000003,29.801,-4.24,103.2
29.3,29.901,-4.24,104.4
29.400000000000002,30.001,-4.24,104.4
29.5,30.101,-4.24,103.2
29.6,30.201,-4.24,104.4
29.700000000000003,30.301,-4.24,104.4
29.8,30.401,-4.24,104.4
29.900000000000002,30.501,-4.24,104.4
30.0,30.601,-4.24,104.4
30.1,30.701,-4.24,103.2
30.200000000000003,30.801,-4.24,105.0
30.3,30.901,-4.24,105.0
30.400000000000002,31.001,-4.24,103.2
30.5,31.101,-4.24,104.4
30.6,31.201,-4.24,104.4
30.700000000000003,31.301,-4.24,104.4
30.8,31.401,-4.24,104.4
30.900000000000002,31.501,-4.24,105.0
31.0,31.601,-4.24,103.8
31.1,31.701,-4.24,104.4
31.200000000000003,31.801,-4.24,104.4
31.3,31.901,-4.24,105.6
31.400000000000002,32.001,5.65,104.4
31.5,32.101,5.65,14.4
31.6,32.201,5.65,-68.4
31.700000000000003,32.301,5.65,-98.4
31.8,32.401,5.65,-112.2
31.900000000000002,32.501,5.65,-120.6
32.0,32.601,5.65,-124.8
32.1,32.701,5.65,-125.4
32.2,32.801,5.65,-127.8
32.300000000000004,32.901,5.65,-127.2
32.4,33.001,5.65,-126.6
32.5,33.101,5.65,-127.8
32.6,33.201,5.65,-128.4
32.7,33.301,5.65,-126.6
32.800000000000004,33.401,5.65,-127.8
32.9,33.401,5.65,-127.8
33.0,33.601,5.65,-126.6
33.1,33.601,5.65,-126.6
33.2,33.701,5.65,-128.4
33.300000000000004,33.801,5.65,-128.4
33.4,33.901,5.65,-126.6
33.5,34.001,5.65,-129.6
33.6,34.101,5.65,-128.4
33.7,34.201,5.65,-127.2
33.800000000000004,34.301,5.65,-128.4
33.9,34.401,5.65,-128.4
34.0,34.501,5.65,-127.8
34.1,34.601,5.65,-129.0
34.2,34.701,5.65,-128.4
34.300000000000004,34.801,5.65,-127.2
34.4,34.901,5.65,-129.6
34.5,35.001,5.65,-127.2
34.6,35.101,5.65,-129.0
34.7,35.201,5.65,-129.0
34.800000000000004,35.301,5.65,-128.4
34.9,35.401,5.65,-128.4
35.0,35.501,5.65,-129.6
35.1,35.601,5.65,-128.4
35.2,35.701,5.65,-130.8
35.300000000000004,35.801,5.65,-129.6
35.4,35.901,5.65,-128.4
35.5,36.001,-5.65,-130.2
35.6,36.101,-5.65,-25.8
35.7,36.201,-5.65,61.8
35.800000000000004,36.301,-5.65,96.6
35.9,36.401,-5.65,112.8
36.0,36.501,-5.65,118.8
36.1,36.601,-5.65,124.2
36.2,36.701,-5.65,125.4
36.300000000000004,36.801,-5.65,126.0
36.4,36.901,-5.65,127.2
36.5,37.001,-5.65,127.2
36.6,37.101,-5.65,126.0
36.7,37.201,-5.65,128.4
36.800000000000004,37.301,-5.65,128.4
36.9,37.401,-5.65,127.2
37.0,37.501,-5.65,128.4
37.1,37.601,-5.65,128.4
37.2,37.701,-5.65,127.8
37.300000000000004,37.801,-5.65,129.0
37.4,37.901,-5.65,128.4
37.5,38.001,-5.65,127.8
37.6,38.101,-5.65,129.0
37.7,38.201,-5.65,127.8
37.800000000000004,38.301,-5.65,129.0
37.9,38.401,-5.65,129.0
38.0,38.501,-5.65,127.8
38.1,38.601,-5.65,129.0
38.2,38.701,-5.65,129.0
38.300000000000004,38.801,-5.65,128.4
38.400000000000006,38.901,-5.65,128.4
38.5,39.001,-5.65,129.6
38.6,39.101,-5.65,128.4
38.7,39.201,-5.65,128.4
38.800000000000004,39.301,-5.65,129.6
38.900000000000006,39.401,-5.65,128.4
39.0,39.501,-5.65,129.6
39.1,39.601,-5.65,129.0
39.2,39.701,-5.65,127.8
39.300000000000004,39.801,-5.65,129.6
39.400000000000006,39.901,-5.65,129.6
39.5,40.001,7.06,128.4
39.6,40.101,7.06,8.4
39.7,40.201,7.06,-88.8
39.800000000000004,40.301,7.06,-121.2
39.900000000000006,40.401,7.06,-134.4
40.0,40.501,7.06,-140.4
40.1,40.601,7.06,-141.0
40.2,40.701,7.06,-144.6
40.300000000000004,40.801,7.06,-144.0
40.400000000000006,40.901,7.06,-144.0
40.5,41.001,7.06,-146.4
40.6,41.101,7.06,-145.2
40.7,41.201,7.06,-145.2
40.800000000000004,41.301,7.06,-145.8
40.900000000000006,41.401,7.06,-144.6
41.0,41.501,7.06,-146.4
41.1,41.601,7.06,-146.4
41.2,41.701,7.06,-144.0
41.300000000000004,41.701,7.06,-144.0
41.400000000000006,41.801,7.06,-146.4
41.5,41.901,7.06,-146.4
41.6,42.001,7.06,-145.2
41.7,42.101,7.06,-145.8
41.800000000000004,42.201,7.06,-145.8
41.900000000000006,42.301,7.06,-145.2
42.0,42.401,7.06,-145.8
42.1,42.501,7.06,-145.8
42.2,42.601,7.06,-145.2
42.300000000000004,42.701,7.06,-146.4
42.400000000000006,42.801,7.06,-145.8
42.5,42.901,7.06,-144.6
42.6,43.001,7.06,-146.4
42.7,43.101,7.06,-146.4
42.800000000000004,43.201,7.06,-144.0
42.900000000000006,43.301,7.06,-146.4
43.0,43.401,7.06,-146.4
43.1,43.501,7.06,-144.0
43.2,43.601,7.06,-146.4
43.300000000000004,43.701,7.06,-146.4
43.400000000000006,43.801,7.06,-144.6
43.5,43.901,7.06,-146.4
43.6,44.001,-7.06,-147.0
43.7,44.101,-7.06,-16.2
43.800000000000004,44.201,-7.06,87.6
43.900000000000006,44.301,-7.06,120.6
44.0,44.401,-7.06,131.4
44.1,44.501,-7.06,138.6
44.2,44.601,-7.06,139.8
44.300000000000004,44.701,-7.06,141.6
44.400000000000006,44.801,-7.06,142.8
44.5,44.901,-7.06,141.6
44.6,45.001,-7.06,142.8
44.7,45.101,-7.06,144.0
44.800000000000004,45.201,-7.06,141.6
44.900000000000006,45.301,-7.06,144.0
45.0,45.401,-7.06,142.8
45.1,45.501,-7.06,142.2
45.2,45.601,-7.06,143.4
45.300000000000004,45.701,-7.06,144.0
45.400000000000006,45.801,-7.06,141.6
45.5,45.901,-7.06,144.0
45.6,46.001,-7.06,144.0
45.7,46.101,-7.06,142.2
45.800000000000004,46.201,-7.06,143.4
45.900000000000006,46.301,-7.06,144.0
46.0,46.401,-7.06,142.8
46.1,46.501,-7.06,143.4
46.2,46.601,-7.06,143.4
46.300000000000004,46.701,-7.06,142.8
46.400000000000006,46.801,-7.06,142.8
46.5,46.901,-7.06,144.0
46.6,47.001,-7.06,141.6
46.7,47.101,-7.06,144.0
46.800000000000004,47.201,-7.06,142.8
46.900000000000006,47.301,-7.06,142.8
47.0,47.401,-7.06,143.4
47.1,47.501,-7.06,143.4
47.2,47.601,-7.06,142.8
47.300000000000004,47.701,-7.06,144.0
47.400000000000006,47.801,-7.06,142.2
47.5,47.901,-7.06,144.0
47.6,48.001,8.47,144.0
47.7,48.101,8.47,2.4
47.800000000000004,48.201,8.47,-108.0
47.900000000000006,48.301,8.47,-137.4
48.0,48.401,8.47,-146.4
48.1,48.501,8.47,-151.8
48.2,48.601,8.47,-154.8
48.300000000000004,48.701,8.47,-152.4
48.400000000000006,48.801,8.47,-154.8
48.5,48.901,8.47,-156.0
48.6,49.001,8.47,-153.6
48.7,49.101,8.47,-154.8
48.800000000000004,49.201,8.47,-156.0
48.900000000000006,49.301,8.47,-153.6
49.0,49.401,8.47,-156.0
49.1,49.501,8.47,-156.0
49.2,49.601,8.47,-154.2
49.300000000000004,49.701,8.47,-155.4
49.400000000000006,49.801,8.47,-156.0
49.5,49.901,8.47,-154.8
49.6,49.901,8.47,-154.8
49.7,50.001,8.47,-156.0
49.800000000000004,50.101,8.47,-156.0
49.900000000000006,50.201,8.47,-154.8
50.0,50.301,8.47,-156.0
50.1,50.401,8.47,-156.0
50.2,50.501,8.47,-154.8
50.300000000000004,50.601,8.47,-156.6
50.400000000000006,50.701,8.47,-156.6
50.5,50.801,8.47,-154.8
50.6,50.901,8.47,-156.0
50.7,51.001,8.47,-154.8
50.800000000000004,51.101,8.47,-157.2
50.900000000000006,51.201,8.47,-156.0
51.0,51.301,8.47,-154.8
51.1,51.401,8.47,-157.2
51.2,51.501,8.47,-156.0
51.300000000000004,51.601,8.47,-154.8
51.400000000000006,51.701,8.47,-157.2
51.5,51.801,8.47,-157.2
51.6,51.901,8.47,-154.8
51.7,52.001,-8.47,-156.6
51.800000000000004,52.101,-8.47,-3.6
51.900000000000006,52.201,-8.47,105.6
52.0,52.301,-8.47,136.8
52.1,52.401,-8.47,147.6
52.2,52.501,-8.47,150.0
52.300000000000004,52.601,-8.47,153.6
52.400000000000006,52.701,-8.47,154.2
52.5,52.801,-8.47,153.0
52.6,52.901,-8.47,154.8
52.7,53.001,-8.47,154.8
52.800000000000004,53.101,-8.47,152.4
52.900000000000006,53.201,-8.47,154.8
53.0,53.301,-8.47,154.8
53.1,53.401,-8.47,153.0
53.2,53.501,-8.47,154.2
53.300000000000004,53.601,-8.47,154.8
53.400000000000006,53.701,-8.47,153.0
53.5,53.801,-8.47,154.8
53.6,53.901,-8.47,154.2
53.7,54.001,-8.47,153.6
53.800000000000004,54.101,-8.47,154.8
53.900000000000006,54.201,-8.47,152.4
54.0,54.301,-8.47,154.8
54.1,54.401,-8.47,153.6
54.2,54.501,-8.47,152.4
54.300000000000004,54.601,-8.47,154.8
54.400000000000006,54.701,-8.47,153.6
54.5,54.801,-8.47,152.4
54.6,54.901,-8.47,153.6
54.7,55.001,-8.47,154.8
54.800000000000004,55.101,-8.47,152.4
54.900000000000006,55.201,-8.47,153.6
55.0,55.301,-8.47,154.8
55.1,55.401,-8.47,152.4
55.2,55.501,-8.47,153.6
55.300000000000004,55.601,-8.47,154.8
55.400000000000006,55.701,-8.47,152.4
55.5,55.801,-8.47,153.6
55.6,55.901,-8.47,154.8
55.7,56.001,9.88,152.4
55.800000000000004,56.101,9.88,-13.2
55.900000000000006,56.201,9.88,-123.6
56.0,56.301,9.88,-147.6
56.1,56.401,9.88,-156.6
56.2,56.501,9.88,-159.6
56.300000000000004,56.601,9.88,-159.0
56.400000000000006,56.701,9.88,-160.8
56.5,56.801,9.88,-162.0
56.6,56.901,9.88,-159.6
56.7,57.001,9.88,-163.2
56.800000000000004,57.101,9.88,-162.0
56.900000000000006,57.201,9.88,-160.8
57.0,57.301,9.88,-162.0
57.1,57.401,9.88,-160.8
57.2,57.501,9.88,-163.2
57.300000000000004,57.601,9.88,-162.0
57.400000000000006,57.701,9.88,-160.8
57.5,57.801,9.88,-162.0
57.6,57.901,9.88,-162.0
57.7,58.001,9.88,-160.8
57.800000000000004,58.101,9.88,-162.6
57.900000000000006,58.101,9.88,-162.6
58.0,58.201,9.88,-162.6
58.1,58.301,9.88,-160.8
58.2,58.401,9.88,-162.0
58.300000000000004,58.501,9.88,-162.0
58.400000000000006,58.601,9.88,-160.8
58.5,58.701,9.88,-162.0
58.6,58.801,9.88,-163.2
58.7,58.901,9.88,-160.2
58.800000000000004,59.001,9.88,-162.6
58.900000000000006,59.101,9.88,-162.0
59.0,59.201,9.88,-160.8
59.1,59.301,9.88,-162.0
59.2,59.401,9.88,-162.6
59.300000000000004,59.501,9.88,-160.2
59.400000000000006,59.601,9.88,-163.2
59.5,59.701,9.88,-162.0
59.6,59.801,9.88,-160.8
59.7,59.901,9.88,-162.0
59.800000000000004,60.001,-9.88,-162.6
59.900000000000006,60.101,-9.88,9.6
60.0,60.201,-9.88,123.6
60.1,60.301,-9.88,149.4
60.2,60.401,-9.88,156.0
60.300000000000004,60.501,-9.88,160.2
60.400000000000006,60.601,-9.88,159.0
60.5,60.701,-9.88,161.4
60.6,60.801,-9.88,160.8
60.7,60.901,-9.88,160.2
60.800000000000004,61.001,-9.88,161.4
60.900000000000006,61.101,-9.88,160.8
61.0,61.201,-9.88,160.2
61.1,61.301,-9.88,161.4
61.2,61.401,-9.88,160.8
61.300000000000004,61.501,-9.88,159.6
61.400000000000006,61.601,-9.88,160.8
61.5,61.701,-9.88,160.8
61.6,61.801,-9.88,159.6
61.7,61.901,-9.88,160.8
61.800000000000004,62.001,-9.88,160.8
61.900000000000006,62.101,-9.88,158.4
62.0,62.201,-9.88,160.8
62.1,62.301,-9.88,160.2
62.2,62.401,-9.88,159.0
62.300000000000004,62.501,-9.88,159.6
62.400000000000006,62.601,-9.88,160.8
62.5,62.701,-9.88,158.4
62.6,62.801,-9.88,160.2
62.7,62.901,-9.88,160.2
62.800000000000004,63.001,-9.88,158.4
62.900000000000006,63.101,-9.88,160.8
63.0,63.201,-9.88,160.8
63.1,63.301,-9.88,158.4
63.2,63.401,-9.88,160.8
63.300000000000004,63.501,-9.88,160.8
63.400000000000006,63.601,-9.88,158.4
63.5,63.701,-9.88,160.8
63.6,63.801,-9.88,158.4
63.7,63.901,-9.88,160.8
63.800000000000004,64.001,11.29,160.2
63.900000000000006,64.101,11.29,-27.0
64.0,64.201,11.29,-138.0
64.10000000000001,64.301,11.29,-157.2
64.2,64.401,11.29,-160.8
64.3,64.501,11.29,-164.4
64.4,64.601,11.29,-165.6
64.5,64.701,11.29,-163.2
64.60000000000001,64.801,11.29,-165.6
64.7,64.901,11.29,-165.6
64.8,65.001,11.29,-163.8
64.9,65.101,11.29,-165.6
65.0,65.201,11.29,-165.6
65.10000000000001,65.301,11.29,-163.8
65.2,65.401,11.29,-165.6
65.3,65.501,11.29,-166.2
65.4,65.601,11.29,-163.8
65.5,65.701,11.29,-166.8
65.60000000000001,65.801,11.29,-165.6
65.7,65.901,11.29,-164.4
65.8,66.001,11.29,-165.6
65.9,66.101,11.29,-166.8
66.0,66.201,11.29,-164.4
66.10000000000001,66.301,11.29,-166.2
66.2,66.301,11.29,-166.2
66.3,66.401,11.29,-166.2
66.4,66.501,11.29,-164.4
66.5,66.601,11.29,-166.8
66.60000000000001,66.701,11.29,-166.2
66.7,66.801,11.29,-165.0
66.8,66.901,11.29,-165.6
66.9,67.001,11.29,-165.6
67.0,67.101,11.29,-165.6
67.10000000000001,67.201,11.29,-166.8
67.2,67.301,11.29,-164.4
67.3,67.401,11.29,-166.8
67.4,67.501,11.29,-165.6
67.5,67.601,11.29,-164.4
67.60000000000001,67.701,11.29,-166.8
67.7,67.801,11.29,-165.6
67.8,67.901,11.29,-164.4
67.9,68.001,-11.29,-166.2
68.0,68.101,-11.29,26.4
68.10000000000001,68.201,-11.29,136.8
68.2,68.301,-11.29,158.4
68.3,68.401,-11.29,163.2
68.4,68.501,-11.29,163.2
68.5,68.601,-11.29,165.6
68.60000000000001,68.701,-11.29,165.6
68.7,68.801,-11.29,163.8
68.8,68.901,-11.29,165.6
68.9,69.001,-11.29,165.0
69.0,69.101,-11.29,164.4
69.10000000000001,69.201,-11.29,165.6
69.2,69.301,-11.29,164.4
69.3,69.401,-11.29,164.4
69.4,69.501,-11.29,165.0
69.5,69.601,-11.29,165.0
69.60000000000001,69.701,-11.29,164.4
69.7,69.801,-11.29,165.0
69.8,69.901,-11.29,165.0
69.9,70.001,-11.29,163.8
70.0,70.101,-11.29,165.0
70.10000000000001,70.201,-11.29,163.2
70.2,70.301,-11.29,165.6
70.3,70.401,-11.29,165.6
70.4,70.5,-11.29,163.2
70.5,70.6,-11.29,165.6
70.60000000000001,70.7,-11.29,164.4
70.7,70.8,-11.29,164.4
70.8,70.9,-11.29,164.4
70.9,71.0,-11.29,165.6
71.0,71.1,-11.29,163.2
71.10000000000001,71.2,-11.29,165.6
71.2,71.3,-11.29,165.0
71.3,71.4,-11.29,163.8
71.4,71.5,-11.29,164.4
71.5,71.6,-11.29,165.6
71.60000000000001,71.7,-11.29,163.2
71.7,71.8,-11.29,165.6
71.8,71.9,-11.29,165.6
71.9,72.0,11.76,163.2
72.0,72.1,11.76,-34.2
72.10000000000001,72.2,11.76,-144.6
72.2,72.3,11.76,-160.2
72.3,72.4,11.76,-165.6
72.4,72.5,11.76,-167.4
72.5,72.6,11.76,-165.0
72.60000000000001,72.7,11.76,-168.0
72.7,72.8,11.76,-168.0
72.8,72.9,11.76,-166.2
72.9,73.0,11.76,-168.0
73.0,73.1,11.76,-167.4
73.10000000000001,73.2,11.76,-166.8
73.2,73.3,11.76,-167.4
73.3,73.4,11.76,-166.2
73.4,73.5,11.76,-168.0
73.5,73.6,11.76,-168.0
73.60000000000001,73.7,11.76,-165.6
73.7,73.8,11.76,-168.0
73.8,73.9,11.76,-168.0
73.9,74.0,11.76,-166.8
74.0,74.1,11.76,-168.0
74.10000000000001,74.2,11.76,-168.0
74.2,74.3,11.76,-165.6
74.3,74.4,11.76,-168.0
74.4,74.4,11.76,-168.0
74.5,74.5,11.76,-168.0
74.60000000000001,74.6,11.76,-166.2
74.7,74.7,11.76,-167.4
74.8,74.8,11.76,-168.0
74.9,74.9,11.76,-166.8
75.0,75.0,11.76,-168.0
75.10000000000001,75.1,11.76,-167.4
75.2,75.2,11.76,-166.2
75.3,75.3,11.76,-168.0
75.4,75.4,11.76,-168.0
75.5,75.5,11.76,-165.6
75.60000000000001,75.6,11.76,-168.0
75.7,75.7,11.76,-168.6
75.8,75.8,11.76,-166.2
75.9,75.9,11.76,-169.2
76.0,76.0,-11.76,-168.0
76.10000000000001,76.1,-11.76,33.0
76.2,76.2,-11.76,144.0
76.3,76.3,-11.76,162.6
76.4,76.4,-11.76,165.6
76.5,76.5,-11.76,168.0
76.60000000000001,76.6,-11.76,166.2
76.7,76.7,-11.76,168.6
76.80000000000001,76.8,-11.76,168.0
76.9,76.9,-11.76,166.8
77.0,77.0,-11.76,168.0
77.10000000000001,77.1,-11.76,168.0
77.2,77.2,-11.76,166.8
77.30000000000001,77.3,-11.76,168.0
77.4,77.4,-11.76,168.0
77.5,77.5,-11.76,166.8
77.60000000000001,77.6,-11.76,168.0
77.7,77.7,-11.76,168.0
77.80000000000001,77.8,-11.76,166.8
77.9,77.9,-11.76,168.0
78.0,78.0,-11.76,168.0
78.10000000000001,78.1,-11.76,166.8
78.2,78.2,-11.76,168.0
78.30000000000001,78.3,-11.76,168.0
78.4,78.4,-11.76,166.8
78.5,78.5,-11.76,168.0
78.60000000000001,78.6,-11.76,168.0
78.7,78.7,-11.76,166.8
78.80000000000001,78.8,-11.76,168.6
78.9,78.9,-11.76,168.6
79.0,79.0,-11.76,166.8
79.10000000000001,79.1,-11.76,168.0
79.2,79.2,-11.76,168.0
79.30000000000001,79.3,-11.76,166.8
79.4,79.4,-11.76,168.0
79.5,79.5,-11.76,169.2
79.60000000000001,79.6,-11.76,166.2
79.7,79.7,-11.76,168.6
79.80000000000001,79.8,-11.76,166.8
79.9,79.9,-11.76,168.0
80.0,80.0,0.0,168.0
80.10000000000001,80.1,0.0,151.2
80.2,80.2,0.0,121.2
80.30000000000001,80.3,0.0,92.4
80.4,80.4,0.0,63.6
80.5,80.5,0.0,40.2
80.60000000000001,80.6,0.0,17.4
80.7,80.7,0.0,1.2
80.80000000000001,80.8,0.0,0.0
80.9,80.9,0.0,0.0
81.0,81.0,0.0,0.0
81.10000000000001,81.1,0.0,0.0
81.2,81.2,0.0,0.0
81.30000000000001,81.3,0.0,0.0
81.4,81.4,0.0,0.0
81.5,81.5,0.0,0.0
81.60000000000001,81.6,0.0,0.0
81.7,81.7,0.0,0.0
